Timestamp,Elapsed_Sec,Box_X,Box_Y,Box_W,Box_H,Blur_Variance,Real_Prob,Fake_Prob
2026-07-29 09:34:46,0.45,262,28,380,205,119.51,0.9854,0.0146
2026-07-29 09:34:46,0.60,261,27,381,188,98.52,0.9546,0.0454
2026-07-29 09:34:47,0.74,261,27,381,188,98.52,0.9546,0.0454
2026-07-29 09:34:47,0.92,261,27,381,188,98.62,0.9528,0.0472
2026-07-29 09:34:47,1.23,261,28,381,188,98.33,0.9452,0.0548
2026-07-29 09:34:47,1.39,271,27,426,206,107.20,0.9942,0.0058
2026-07-29 09:34:47,1.60,294,28,433,205,144.79,0.9668,0.0332
2026-07-29 09:34:48,1.81,296,23,435,208,108.29,0.9710,0.0290
2026-07-29 09:34:48,1.97,270,28,415,197,39.52,0.9438,0.0562
2026-07-29 09:34:48,2.14,261,31,389,204,18.61,0.9802,0.0198
2026-07-29 09:34:48,2.31,227,32,386,203,20.13,0.9930,0.0070
2026-07-29 09:34:48,2.47,178,20,398,210,98.92,0.8405,0.1595
2026-07-29 09:34:49,2.64,163,18,404,209,78.53,0.9663,0.0337
2026-07-29 09:34:49,2.81,177,10,406,213,53.66,0.9785,0.0215
2026-07-29 09:34:49,2.97,212,8,401,215,48.62,0.9872,0.0128
2026-07-29 09:34:49,3.18,241,8,401,215,65.09,0.9925,0.0075
2026-07-29 09:34:49,3.34,260,6,407,214,53.74,0.9973,0.0027
2026-07-29 09:34:49,3.53,260,11,404,213,85.67,0.9479,0.0521
2026-07-29 09:34:50,3.75,259,17,411,211,90.46,0.9928,0.0072
2026-07-29 09:34:50,3.93,259,21,397,209,110.74,0.7614,0.2386
2026-07-29 09:34:50,4.09,261,24,397,207,116.84,0.9775,0.0225
2026-07-29 09:34:50,4.32,261,22,398,208,112.81,0.8782,0.1218
2026-07-29 09:34:50,4.48,262,23,424,208,87.39,0.9384,0.0616
2026-07-29 09:34:51,4.65,261,25,433,207,91.52,0.9431,0.0569
2026-07-29 09:34:51,4.82,251,23,402,208,44.90,0.9870,0.0130
2026-07-29 09:34:51,5.11,193,22,407,208,57.51,0.9969,0.0031
2026-07-29 09:34:51,5.28,156,19,395,210,107.76,0.9678,0.0322
2026-07-29 09:34:51,5.44,157,18,405,210,98.88,0.9314,0.0686
2026-07-29 09:34:51,5.60,172,21,402,209,89.48,0.8818,0.1182
2026-07-29 09:34:52,5.76,186,25,392,207,88.94,0.8918,0.1082
2026-07-29 09:34:52,5.93,193,27,390,206,65.89,0.9335,0.0665
2026-07-29 09:34:52,6.09,194,30,410,204,61.02,0.8536,0.1464
2026-07-29 09:34:52,6.25,194,25,494,207,88.23,0.6196,0.3804
2026-07-29 09:34:52,6.42,206,28,483,206,100.20,0.6503,0.3497
2026-07-29 09:34:52,6.59,216,22,476,208,94.56,0.4331,0.5669
2026-07-29 09:34:53,6.75,215,17,471,211,106.19,0.5021,0.4979
2026-07-29 09:34:53,6.91,200,27,434,206,100.69,0.7078,0.2922
2026-07-29 09:34:53,7.06,197,24,500,207,127.83,0.4125,0.5875
2026-07-29 09:34:53,7.22,210,26,463,207,82.28,0.7709,0.2291
2026-07-29 09:34:53,7.39,235,26,441,207,70.16,0.9039,0.0961
2026-07-29 09:34:53,7.55,260,26,419,207,69.62,0.9936,0.0064
2026-07-29 09:34:54,7.71,261,26,426,207,121.55,0.7720,0.2280
2026-07-29 09:34:54,7.86,261,24,414,207,75.09,0.9465,0.0535
2026-07-29 09:34:54,8.03,260,21,395,209,43.74,0.9984,0.0016
2026-07-29 09:34:54,8.19,238,23,398,208,37.08,0.9971,0.0029
2026-07-29 09:34:54,8.34,219,29,388,205,49.43,0.9996,0.0004
2026-07-29 09:34:54,8.50,203,29,367,205,83.01,0.9984,0.0016
2026-07-29 09:34:55,8.68,202,26,359,207,112.48,0.9685,0.0315
2026-07-29 09:34:55,8.88,200,27,352,206,111.80,0.9964,0.0036
2026-07-29 09:34:55,9.05,191,24,355,208,122.81,0.9939,0.0061
2026-07-29 09:34:55,9.20,193,22,358,209,117.99,0.9908,0.0092
2026-07-29 09:34:55,9.39,199,23,358,208,72.05,0.9972,0.0028
2026-07-29 09:34:56,9.92,214,24,357,207,86.73,0.9960,0.0040
2026-07-29 09:34:56,10.09,258,33,342,204,103.10,0.9837,0.0163
2026-07-29 09:34:56,10.26,262,35,327,202,91.25,0.9801,0.0199
2026-07-29 09:34:56,10.42,262,35,334,202,104.93,0.9452,0.0548
2026-07-29 09:34:56,10.57,466,43,99,178,36.88,0.7579,0.2421
2026-07-29 09:34:57,10.73,466,42,99,179,41.30,0.8496,0.1504
2026-07-29 09:34:57,10.89,467,41,100,179,42.31,0.8717,0.1283
2026-07-29 09:34:57,11.05,466,42,101,179,43.03,0.8081,0.1919
2026-07-29 09:34:57,11.21,466,41,102,180,41.76,0.9289,0.0711
2026-07-29 09:34:57,11.38,464,42,104,179,39.12,0.7109,0.2891
2026-07-29 09:34:57,11.54,455,43,113,179,36.22,0.9047,0.0953
2026-07-29 09:34:58,11.70,435,44,131,178,35.23,0.7626,0.2374
2026-07-29 09:34:58,11.86,434,44,132,178,39.61,0.8941,0.1059
2026-07-29 09:34:58,12.02,439,44,127,178,41.61,0.9165,0.0835
2026-07-29 09:34:58,12.18,441,45,125,178,34.20,0.7943,0.2057
2026-07-29 09:34:58,12.34,432,45,134,178,43.78,0.7369,0.2631
2026-07-29 09:34:58,12.50,436,46,130,177,41.10,0.7249,0.2751
2026-07-29 09:34:59,12.66,432,45,135,178,37.44,0.6999,0.3001
2026-07-29 09:34:59,12.82,440,44,127,178,34.04,0.9126,0.0874
2026-07-29 09:34:59,12.97,452,44,116,178,35.80,0.8128,0.1872
2026-07-29 09:34:59,13.25,472,45,115,178,31.25,0.7722,0.2278
2026-07-29 09:34:59,13.41,473,44,120,178,31.52,0.9271,0.0729
2026-07-29 09:34:59,13.57,476,46,120,177,32.42,0.9620,0.0380
2026-07-29 09:35:00,13.75,493,45,109,177,32.34,0.9104,0.0896
2026-07-29 09:35:00,13.92,496,46,131,178,30.22,0.4726,0.5274
2026-07-29 09:35:00,14.11,495,44,172,178,30.61,0.2106,0.7894
2026-07-29 09:35:00,14.27,515,48,154,177,21.93,0.6169,0.3831
2026-07-29 09:35:00,14.57,530,51,143,175,22.18,0.6252,0.3748
2026-07-29 09:35:01,14.72,543,49,166,175,28.14,0.3503,0.6497
2026-07-29 09:35:01,14.91,532,48,169,175,34.97,0.5595,0.4405
2026-07-29 09:35:01,15.10,529,50,149,174,24.64,0.4855,0.5145
2026-07-29 09:35:01,15.26,527,47,141,174,25.26,0.3465,0.6535
2026-07-29 09:35:01,15.41,518,46,136,171,24.92,0.7509,0.2491
2026-07-29 09:35:01,15.57,509,46,121,171,29.93,0.5938,0.4062
2026-07-29 09:35:02,15.73,502,44,112,172,32.05,0.8258,0.1742
2026-07-29 09:35:02,15.90,490,46,112,172,33.21,0.9126,0.0874
2026-07-29 09:35:02,16.07,488,44,115,173,35.02,0.8868,0.1132
2026-07-29 09:35:03,16.69,496,41,99,175,42.55,0.7611,0.2389
2026-07-29 09:35:03,16.97,505,44,100,175,41.82,0.9360,0.0640
2026-07-29 09:35:03,17.48,498,42,105,176,38.22,0.9824,0.0176
2026-07-29 09:35:04,17.64,491,44,108,175,36.42,0.9871,0.0129
2026-07-29 09:35:04,17.80,490,44,106,174,35.06,0.6485,0.3515
2026-07-29 09:35:04,17.95,489,43,104,175,40.30,0.9121,0.0879
2026-07-29 09:35:05,19.37,480,43,114,175,32.85,0.9731,0.0269
2026-07-29 09:35:05,19.54,478,42,115,176,33.77,0.9613,0.0387
2026-07-29 09:35:06,19.69,491,42,101,176,32.63,0.9055,0.0945
2026-07-29 09:35:06,19.84,491,43,116,176,35.87,0.9039,0.0961
2026-07-29 09:35:06,20.01,486,43,136,176,39.76,0.9733,0.0267
2026-07-29 09:35:06,20.22,487,43,141,176,29.04,0.8325,0.1675
2026-07-29 09:35:06,20.38,498,44,143,176,29.40,0.6784,0.3216
2026-07-29 09:35:12,25.63,544,35,147,194,34.18,0.8156,0.1844
2026-07-29 09:35:12,25.80,526,35,140,194,36.92,0.7692,0.2308
2026-07-29 09:35:12,26.03,506,33,156,195,38.56,0.8434,0.1566
2026-07-29 09:35:12,26.20,493,32,161,199,44.79,0.9298,0.0702
2026-07-29 09:35:12,26.38,492,34,149,195,52.06,0.9684,0.0316
2026-07-29 09:35:12,26.55,509,35,122,195,52.97,0.9038,0.0962
2026-07-29 09:35:13,26.87,509,35,120,195,52.46,0.8248,0.1752
2026-07-29 09:35:13,27.05,489,32,132,196,50.20,0.8746,0.1254
2026-07-29 09:35:13,27.21,482,32,138,197,43.17,0.8463,0.1537
2026-07-29 09:35:13,27.41,496,32,119,196,50.75,0.9286,0.0714
2026-07-29 09:35:14,27.63,488,33,127,196,41.96,0.8889,0.1111
2026-07-29 09:35:14,27.92,500,32,116,196,55.51,0.5865,0.4135
2026-07-29 09:35:14,28.18,506,33,113,196,50.47,0.4177,0.5823
2026-07-29 09:35:14,28.39,507,33,113,197,47.19,0.5215,0.4785
2026-07-29 09:35:14,28.59,507,33,113,197,47.19,0.5215,0.4785
2026-07-29 09:35:15,28.89,507,33,113,197,47.19,0.5215,0.4785
